login,password,role,fio,photo
loginDEsar2018,2M2IQH,Директор,Яковлев Ефим Ильяович,
loginDEuxd2018,*PI3KN,Конструктор,Васильева Маргарита Валерьяновна,
loginDEepk2018,VZ&Ak7,Менеджер,Петухов Гордей Серапионович,
loginDEjhb2018,PNvt8N,Мастер,Нестеров Виктор Юлианович,
loginDExzi2018,{+1T1M,Заказчик,Белоусов Антонин Яковович,
loginDEvva2018,G{q*LD,Директор,Ермакова Александра Куприяновна,
loginDEudz2018,Xcjvmi,Менеджер,Баранова Галина Еремеевна,
loginDEyyj2018,z+U0XU,Конструктор,Лебедев Валерьян Кимович,
loginDEvdj2018,5Eq6d|,Заказчик,Никонов Богдан Юлианович,
loginDErwk2018,|nZOKu,Мастер,Карпов Дмитрий Владимирович,C:\Users\user\Desktop\data\УП04\Импорт\Ресурсы\users\Фото пользователей\loginDErwk2018.png
loginDElkc2018,BOvRGk,Директор,Мартынов Онисим Ярославович,
loginDEmge2018,C947}j,Заказчик,Кузнецов Созон Викторович,
loginDEtol2018,&ksGM5,Директор,Николаева Ирина Федотовна,
loginDEjwb2018,IQ+a01,Заказчик,Виноградов Ростислав Еремеевич,
loginDEzhf2018,xws6L9,Менеджер,Лебедева Евдокия Ивановна,
loginDEobp2018,XNGjJy,Директор,Иванов Игнатий Авксентьевич,
loginDEloi2018,azEz+L,Мастер,Савин Пётр Артёмович,
loginDEuau2018,FNnhJ1,Менеджер,Голубев Семён Олегович,
loginDEdwi2018,n*aog&,Конструктор,Горбачёв Ириней Викторович,
loginDEecu2018,s6FMJ|,Менеджер,Игнатьева Глафира Эдуардовна,
loginDEdfk2018,aqgkFV,Директор,Красильников Геннадий Романович,
loginDEkxq2018,8igB2p,Конструктор,Якушев Германн Мэлорович,
loginDEhqm2018,BPvGYj,Конструктор,Андреев Руслан Федосеевич,
loginDEyzm2018,*Nx7JS,Заказчик,Козлов Эдуард Протасьевич,
loginDEzbd2018,hWTIZR,Конструктор,Галкин Ярослав Фролович,
loginDEoni2018,phdlXA,Заказчик,Назаров Иван Мартынович,C:\Users\user\Desktop\data\УП04\Импорт\Ресурсы\users\Фото пользователей\loginDEoni2018.jpg
loginDEewk2018,4baKX7,Заказчик,Воронцов Владимир Игнатьевич,
loginDEdfh2018,t0CrUG,Менеджер,Артемьев Даниил Дамирович,
loginDEufs2018,7CLi&1,Конструктор,Абрамова Милица Аристарховна,
loginDEzsy2018,a6}lPi,Директор,Владимиров Протасий Витальевич,
loginDElzj2018,Ph0lH+,Директор,Агафонов Ириней Фёдорович,
loginDEwtu2018,kVUA|*,Мастер,Суворов Владислав Иринеевич,
loginDEpyt2018,VAwNEk,Менеджер,Яковлев Игнатий Даниилович,
loginDEquw2018,65j6kZ,Конструктор,Павлов Константин Гордеевич,
loginDEcxk2018,sM*fqO,Директор,Щукина Марфа Глебовна,
loginDEnxq2018,|yxsob,Менеджер,Мишин Михаил Глебович,
loginDEpmm2018,wRERed,Мастер,Исакова София Юрьевна,
loginDEitt2018,L+OKpQ,Менеджер,Сысоева Виктория Максимовна,C:\Users\user\Desktop\data\УП04\Импорт\Ресурсы\users\Фото пользователей\loginDEitt2018.png
loginDEttt2018,1YOnW3,Менеджер,Большаков Владимир Филатович,
loginDExrn2018,eaI8ng,Мастер,Абрамова Оксана Ростиславовна,
loginDEelh2018,NNmfSo,Заказчик,Зиновьев Иван Ильяович,
loginDEwxd2018,Smjq0v,Конструктор,Евдокимов Алексей Антонович,
loginDEiho2018,UIlg{8,Конструктор,Романов Германн Серапионович,
loginDEsyo2018,F743ca,Заказчик,Логинов Егор Лаврентьевич,
loginDEmwq2018,YZ{snT,Конструктор,Кондратьев Бронислав Тихонович,
loginDEykk2018,EttWT{,Конструктор,Александрова Нинель Мстиславовна,C:\Users\user\Desktop\data\УП04\Импорт\Ресурсы\users\Фото пользователей\loginDEykk2018.gif
loginDEell2018,7wQfBj,Менеджер,Терентьев Игорь Александрович,
loginDEdys2018,B}2V7t,Мастер,Пахомов Гордей Борисович,
loginDEqoh2018,+xRJ|2,Конструктор,Большаков Яков Протасьевич,
loginDEpdv2018,r1HuS2,Конструктор,Крылов Авдей Анатольевич,
loginDEzqn2018,Lgd57H,Заказчик,Петрова Иванна Андреевна,
loginDEvzo2018,VO7mOE,Директор,Воронцов Никита Лаврентьевич,
loginDEiyy2018,Ip|*iS,Конструктор,Федосеев Иван Валентинович,C:\Users\user\Desktop\data\УП04\Импорт\Ресурсы\users\Фото пользователей\loginDEiyy2018.gif
loginDEdgv2018,kfmvXj,Директор,Галкин Владислав Филатович,
loginDEurj2018,9ImBsL,Мастер,Киселёв Валерьян Евгеньевич,
loginDEaul2018,MTZb+A,Мастер,Путин Станислав Протасьевич,
loginDEbdx2018,F|mMSS,Директор,Харитонов Германн Ефимович,
loginDEyzp2018,wFCnHN,Мастер,Гурьева Ольга Аркадьевна,
loginDErwb2018,v5RpBS,Мастер,Сысоев Демьян Антонинович,
loginDEpri2018,RI2*T9,Заказчик,Шубин Тихон Лаврентьевич,C:\Users\user\Desktop\data\УП04\Импорт\Ресурсы\users\Фото пользователей\loginDEpri2018.jpg
loginDEzpr2018,++NP+J,Мастер,Евсеев Эдуард Протасьевич,
loginDEhfv2018,QpAY63,Директор,Мясников Борис Лукьевич,
loginDEyjy2018,20uyVz,Директор,Мартынова Клавдия Лукьяновна,
loginDEejw2018,4}szdy,Менеджер,Филатов Константин Вадимович,
loginDEdby2018,rleZVk,Конструктор,Ефремов Протасий Протасьевич,
loginDEzqk2018,TOOuow,Заказчик,Михайлов Парфений Мэлорович,
loginDEjdf2018,*jzOGy,Мастер,Самойлов Богдан Геласьевич,
loginDEycc2018,YeTO&L,Директор,Громова  Маргарита Митрофановна,
loginDEmoq2018,*bhJb4,Менеджер,Копылова Иванна Геласьевна,
loginDEgtz2018,Tv&BVy,Конструктор,Носков Семён Васильевич,
loginDEkuy2018,s4Vm64,Мастер,Данилов Егор Валентинович,
loginDEpxb2018,wso}8C,Менеджер,Иванов Вячеслав Парфеньевич,
loginDEbfn2018,RCt1Sk,Конструктор,Кошелева Василиса Якововна,
loginDEhqt2018,EhWhoq,Менеджер,Данилов Мстислав Олегович,
loginDExyh2018,CRk03h,Директор,Горбунов Павел Леонидович,
loginDEjrd2018,8tl2a+,Заказчик,Никитин Борис Евгеньевич,C:\Users\user\Desktop\data\УП04\Импорт\Ресурсы\users\Фото пользователей\loginDEjrd2018.png
loginDEkma2018,jW{dgt,Заказчик,Доронина Фаина Якуновна,
loginDEknj2018,hKZfoC,Конструктор,Поляков Лукьян Викторович,
loginDEfvq2018,*uGVVE,Директор,Уварова Наталья Евгеньевна,
loginDEvqh2018,oQmpma,Менеджер,Соболев Фрол Германович,
loginDEcdg2018,UYNHsU,Директор,Суворова Зинаида Александровна,
loginDEpdu2018,+g13tn,Директор,Федосеева Иванна Михаиловна,
loginDEgbi2018,c29wfj,Конструктор,Кудряшов Михаил Протасьевич,
loginDEklt2018,5QO|u4,Мастер,Аксёнова Александра Лаврентьевна,
loginDEbka2018,|AbflR,Заказчик,Баранов Алексей Авдеевич,
loginDEthx2018,+t}zCu,Мастер,Гришин Донат Константинович,
loginDErns2018,tz2wx5,Конструктор,Ершов Виктор Яковович,
loginDEybt2018,e7uyxU,Мастер,Григорьев Митрофан Парфеньевич,
loginDEoyy2018,4a0mnh,Директор,Панов Донат Александрович,
loginDEooj2018,GPf+Bw,Менеджер,Буров Серапион Сергеевич,
loginDExbs2018,I6DDeV,Директор,Дорофеева Светлана Брониславовна,
loginDEafi2018,hN8}Tj,Директор,Суханова Ангелина Григорьевна,
loginDEzyb2018,ZG73**,Мастер,Сергеев Антонин Вадимович,
loginDEhwk2018,TeoCY0,Заказчик,Комиссаров Тихон Варламович,
loginDEzby2018,n|MYCO,Конструктор,Ефимова Анжелика Николаевна,
loginDExzu2018,Sch+GG,Менеджер,Блинов Мэлор Дамирович,
loginDExzf2018,6cmjFd,Мастер,Блохина Акулина Якуновна,
loginDEzva2018,0vLvlW,Заказчик,Гущина Ксения Романовна,
loginDEdya2018,tS2NmR,Конструктор,Пахомов Донат Евсеевич,
loginDEaou2018,1E6ONr,Конструктор,Дементьев Владлен Глебович,
loginDEeqk2018,I{iaU4,Конструктор,Мишин Ростислав Пантелеймонович,
loginDErot2018,I+0E2j,Директор,Пестова Ия Святославовна,
loginDEhkz2018,T6BAKi,Мастер,Казакова Кира Вячеславовна,
loginDEcxd2018,+WMe2B,Заказчик,Жданов Ярослав Варламович,
loginDEpty2018,m{Li1+,Заказчик,Вишнякова Прасковья Всеволодовна,
loginDEtaa2018,R8oTaQ,Директор,Панфилов Кондрат Антонинович,
loginDEibc2018,qb8|Mk,Заказчик,Буров Егор Арсеньевич,
loginDEwxv2018,qK6y{W,Менеджер,Рожков Глеб Гордеевич,
loginDEdmd2018,6xjzYR,Директор,Федосеева Ольга Алексеевна,
loginDEytk2018,7D9re0,Мастер,Яковлева Валерия Михаиловна,C:\Users\user\Desktop\data\УП04\Импорт\Ресурсы\users\Фото пользователей\loginDEytk2018.png
loginDEqga2018,P+4p4a,Конструктор,Лукин Пётр Кондратович,
loginDEaxl2018,V2S+Ih,Менеджер,Дмитриев Никита Пётрович,
loginDEyan2018,uf6Krf,Менеджер,Тарасова Зоя Якуновна,
loginDEidg2018,YjZW6A,Заказчик,Исаков Константин Яковович,
loginDEwpm2018,zqnoi|,Заказчик,Юдин Валентин Геласьевич,
loginDEpiz2018,JTXLk6,Директор,Селиверстова Анжела Алексеевна,
loginDEdoo2018,1jH&}l,Заказчик,Беляев Якун Протасьевич,
loginDEjeh2018,IgW*|U,Конструктор,Сидоров Святослав Демьянович,
loginDEerm2018,XPr8zT,Мастер,Кабанов Виктор Парфеньевич,
loginDEdlu2018,JgY{Zo,Заказчик,Рогов Ким Станиславович,
loginDEplk2018,xQxtYm,Директор,Блинова Марфа Николаевна,
loginDEtix2018,Y5zv9+,Менеджер,Тетерин Варлам Кимович,
loginDEarc2018,AZin*Q,Мастер,Крюков Даниил Онисимович,
loginDEpba2018,&HmMXH,Директор,Пахомова Антонина Еремеевна,
loginDEyeg2018,CFEe+Z,Директор,Харитонов Ириней Авксентьевич,
loginDEshj2018,+XW3Bk,Конструктор,Кузьмин Евсей Андреевич,C:\Users\user\Desktop\data\УП04\Импорт\Ресурсы\users\Фото пользователей\loginDEshj2018.gif
loginDEchx2018,S5c&fX,Конструктор,Виноградов Матвей Анатольевич,
loginDEwvl2018,&9Vpqk,Директор,Якушева Анастасия Якуновна,
loginDEeeg2018,fIqIdE,Заказчик,Егоров Евсей Константинович,
loginDEaeu2018,ubmJ{u,Менеджер,Морозова Феврония Всеволодовна,
loginDEend2018,SX8Z4A,Конструктор,Доронин Митрофан Лаврентьевич,
loginDEtik2018,a&+vrv,Директор,Костин Константин Арсеньевич,
loginDEmmh2018,x1wAHo,Мастер,Сорокин Агафон Семёнович,
loginDEcur2018,FuE312,Мастер,Мясникова Евфросиния Федотовна,
loginDEath2018,Ii{d2t,Мастер,Власов Никита Мартынович,
loginDEdif2018,Tpivcr,Мастер,Зуев Николай Георгьевич,
loginDErnv2018,gJ1NYR,Менеджер,Жданов Степан Аристархович,
loginDEhrc2018,sk1mgK,Мастер,Кулагин Лукий Брониславович,
loginDEodw2018,AMSLmE,Конструктор,Кабанова Алла Фёдоровна,
loginDEbed2018,282IYv,Директор,Соболева Валерия Всеволодовна,
loginDEnqq2018,XKrJOU,Директор,Михеев Ярослав Антонович,
loginDEjgu2018,ELrDod,Заказчик,Комаров Всеволод Степанович,
loginDEwbn2018,96TfQ|,Директор,Белоусов Лукьян Геласьевич,
loginDEfbq2018,}G4XKd,Заказчик,Фёдоров Донат Егорович,
loginDEccy2018,4zb2ow,Директор,Матвиенко Валерия Вячеславовна,
loginDEuwn2018,wPbrBV,Мастер,Калашников Бронислав Арсеньевич,C:\Users\user\Desktop\data\УП04\Импорт\Ресурсы\users\Фото пользователей\loginDEuwn2018.jpg
loginDEsty2018,Caam+a,Директор,Турова Василиса Алексеевна,
loginDEubl2018,R&o+7+,Заказчик,Андреев Лаврентий Созонович,
loginDEtqw2018,UJW+*N,Менеджер,Филиппова Фаина Фёдоровна,
loginDExic2018,bp&g7f,Менеджер,Соболев Геннадий Якунович,
loginDEvdy2018,|9AaAE,Заказчик,Михеева Евдокия Якововна,
loginDEqhl2018,FQQRMz,Конструктор,Евдокимова Людмила Лаврентьевна,
loginDEhya2018,+JQwYv,Конструктор,Чернов Арсений Германнович,
loginDEffq2018,Vs0tGb,Мастер,Бирюков Вячеслав Агафонович,
loginDEopr2018,Oklkhh,Мастер,Веселов Вячеслав Аркадьевич,
loginDEmbm2018,g90TWM,Мастер,Исаева Любовь Мэлоровна,
loginDEsze2018,S*{8Ml,Конструктор,Гуляева Лидия Ростиславовна,
loginDEctg2018,dN+jod,Заказчик,Сазонова Раиса Кондратовна,
loginDEruq2018,mXdZTI,Директор,Пахомов Дмитрий Юлианович,
loginDEqpk2018,Tnh3DJ,Мастер,Сафонов Семён Лаврентьевич,
loginDEmhc2018,mMYPim,Заказчик,Игнатьева Элеонора Олеговна,
loginDErvp2018,iIOsgI,Конструктор,Жданова Ангелина Якуновна,
loginDEgdb2018,xLvXN{,Заказчик,Баранов Валерьян Игнатьевич,
loginDExet2018,S*onWu,Конструктор,Селезнёва Татьяна Антониновна,
loginDEupl2018,KE6*k|,Директор,Наумов Ефим Онисимович,
loginDEkbx2018,T}4cTC,Менеджер,Филатова Пелагея Якуновна,
loginDEzwo2018,zkc0S},Менеджер,Карпова Дарья Валерьевна,
loginDEvln2018,keXJ3o,Конструктор,Пономарёв Ярослав Лаврентьевич,
loginDEayj2018,+b6HrZ,Мастер,Гурьев Евгений Витальевич,
loginDEoby2018,*j704g,Конструктор,Игнатова Марфа Артёмовна,
loginDEdje2018,Ros+rl,Менеджер,Бобров Пётр Леонидович,
loginDEnux2018,{XMSKj,Мастер,Кузнецова Элеонора Матвеевна,
loginDEyhv2018,zNZYk{,Директор,Кузьмин Василий Валерьевич,
loginDEuwy2018,m0S8Hy,Менеджер,Копылова Антонина Макаровна,
loginDEkit2018,Zx89p+,Менеджер,Кабанов Гордей Геласьевич,
loginDEzfi2018,VbhJh*,Менеджер,Мельникова Прасковья Мстиславовна,C:\Users\user\Desktop\data\УП04\Импорт\Ресурсы\users\Фото пользователей\loginDEzfi2018.jpg
loginDEbhd2018,a80d5I,Мастер,Громов Куприян Святославович,
loginDEpul2018,1y2EaM,Заказчик,Капустин Федот Русланович,
loginDEsyc2018,IX+1o1,Конструктор,Герасимов Донат Ефимович,
loginDEmqf2018,*eh|rQ,Мастер,Панова Тамара Протасьевна,
loginDEhjw2018,dFb{aw,Заказчик,Ефремов Дмитрий Мартынович,
loginDEcjd2018,F4Qv}x,Заказчик,Поляков Евсей Алексеевич,
loginDElnh2018,D+83Ot,Директор,Беспалов Еремей Мартынович,
loginDEebx2018,WTBC7e,Заказчик,Тарасова Ксения Олеговна,
loginDEtbf2018,}g|DE+,Заказчик,Кулаков Протасий Глебович,
loginDEpjz2018,V8ArPO,Заказчик,Соловьёва Любовь Онисимовна,
loginDEfpm2018,oJ7&bs,Мастер,Владимиров Геннадий Еремеевич,
loginDEdrx2018,*SZ7TL,Мастер,Некрасова Клавдия Денисовна,
loginDEykq2018,Veq1N7,Директор,Казакова Фаина Антониновна,
loginDEthb2018,Lt7|ok,Менеджер,Сазонов Протасий Игоревич,
loginDEbdb2018,nxULDN,Менеджер,Исаев Антон Брониславович,
loginDEysy2018,*M+eyt,Конструктор,Матвеев Илья Федосеевич,
loginDEjrt2018,x8St23,Заказчик,Шестаков Всеволод Лукьевич,
loginDEwim2018,Sbe&j},Заказчик,Сергеев Еремей Серапионович,
loginDEbbt2018,IclO}d,Конструктор,Молчанова Эмилия Мэлсовна,
loginDEwbe2018,C&n1bj,Директор,Комаров Альвиан Юлианович,
loginDEgcb2018,St&dIw,Заказчик,Щукина Клавдия Куприяновна,
loginDEvai2018,7dX5WR, Заказчик,Суханов Лукий Ростиславович,
loginDErbv2018,7NrYfL,Мастер,Мишина Глафира Вадимовна,
loginDEyis2018,qcBZOv,Менеджер,Бобылёв Якун Альбертович,
loginDEmiy2018,dK6+AE,Заказчик,Маслов Геннадий Куприянович,
loginDExrj2018,WJrQlq,Конструктор,Кириллов Серапион Всеволодович,
loginDEtyl2018,C4f}5e,Директор,Горшкова Людмила Филатовна,
loginDEvrn2018,AfSRZI,Мастер,Тарасова Людмила Макаровна,
loginDEqoa2018,NUeFuT,Директор,Русаков Ярослав Агафонович,
loginDEyin2018,eikez3,Заказчик,Ефремова Варвара Иринеевна,
loginDEwpz2018,eMn{Kl,Мастер,Игнатьев Федосей Парфеньевич,
loginDEdmj2018,J+}Wvc,Мастер,Степанова Маргарита Ильяовна,
loginDEooq2018,pSp9XX,Заказчик,Блохина Александра Митрофановна,
loginDEjoa2018,kChmEo,Заказчик,Яковлев Фёдор Мартынович,
loginDEszj2018,B6&cJf,Заказчик,Журавлёва Пелагея Витальевна,
loginDEhzm2018,D*pP0+,Конструктор,Корнилов Филат Артёмович,
loginDEsep2018,sG40du,Заказчик,Ковалёв Павел Денисович,
loginDEhiq2018,IbJ}qw,Менеджер,Петров Вадим Мэлорович,
loginDEmww2018,ukBtoC,Мастер,Нестеров Альберт Мстиславович,
loginDEgju2018,C7nYc{,Заказчик,Терентьева Вероника Протасьевна,C:\Users\user\Desktop\data\УП04\Импорт\Ресурсы\users\Фото пользователей\loginDEgju2018.jpg
loginDEcyg2018,UQA1Uu,Менеджер,Белоусов Евсей Николаевич,
loginDEjyc2018,cj9ECm,Мастер,Лебедев Парфений Якунович,
loginDEvxf2018,yS2WHF,Мастер,Наумов Мстислав Павлович,
loginDEajj2018,hzO1*o,Директор,Поляков Яков Юлианович,
loginDEjre2018,Ea5FeF,Конструктор,Самойлова Клавдия Владленовна,
loginDEelw2018,8m|p+S,Менеджер,Гусева Алина Васильевна,
loginDEkea2018,82af{y,Мастер,Тимофеева Елизавета Мэлсовна,
loginDExkx2018,8uXYWo,Менеджер,Гурьева Кира Варламовна,
loginDEyxm2018,*DB|&d,Мастер,Родионов Святослав Олегович,
loginDEuzv2018,|6J|mm,Заказчик,Белов Геласий Серапионович,
loginDEyaa2018,8}w*yf,Конструктор,Уваров Руслан Иринеевич,
loginDEgpt2018,Gao1gX,Заказчик,Сафонов Станислав Григорьевич,
loginDEojz2018,N50|5T,Мастер,Игнатьев Алексей Вадимович,
loginDEzqo2018,HHG+eY,Директор,Елисеев Евсей Борисович,
loginDEkfs2018,q}b+Tf,Заказчик,Воронцов Валерьян Даниилович,
loginDEqql2018,QHE5zz,Конструктор,Князев Егор Донатович,
loginDEmjf2018,p+u{vH,Директор,Ковалёва Мария Максимовна,
loginDEjjx2018,DP|ubQ,Мастер,Авдеев Константин Станиславович,
loginDEtch2018,TsU4a5,Заказчик,Семёнова Жанна Онисимовна,
loginDEpll2018,J9pnJW,Директор,Устинова Милица Георгьевна,
loginDEqcb2018,oMOLh+,Мастер,Исаева Елена Валерьяновна,
loginDEivc2018,Ci52qh,Директор,Сорокин Лаврентий Аркадьевич,
loginDEybw2018,d+t136,Мастер,Наумова Пелагея Лукьяновна,
loginDEtqn2018,IdjLc2,Директор,Фадеев Христофор Вячеславович,
loginDEtby2018,36YniT,Конструктор,Блохин Богдан Улебович,
loginDEnrq2018,pn{5RN,Директор,Громова Фаина Лаврентьевна,
loginDEill2018,5c|dSJ,Менеджер,Зыков Богдан Леонидович,C:\Users\user\Desktop\data\УП04\Импорт\Ресурсы\users\Фото пользователей\loginDEill2018.png
loginDErzp2018,W6rx|w,Конструктор,Савельева Прасковья Георгьевна,
loginDEjgq2018,gJEYkn,Конструктор,Петухова Элеонора Ильяовна,
loginDEbho2018,AFvMyh,Директор,Морозова Клавдия Святославовна,
loginDErvi2018,|9LJNA,Мастер,Колесников Пантелеймон Якунович,
loginDEifv2018,V61gmp,Конструктор,Орехова Агафья Пантелеймоновна,
loginDEqkn2018,KdU6uK,Мастер,Фадеев Виталий Анатольевич,
loginDExbf2018,Vl9R|I,Конструктор,Блинова Прасковья Агафоновна,
loginDEwkl2018,415qNv,Заказчик,Игнатова Нинель Лаврентьевна,
loginDEqwd2018,Ix4V{i,Менеджер,Савин Донат Ярославович,
loginDEjno2018,kuLGGL,Мастер,Романов Аристарх Ильяович,
loginDEpgp2018,q|Ov9c,Менеджер,Мишин Эдуард Фёдорович,
loginDEwua2018,*tyvel,Заказчик,Макарова Маргарита Всеволодовна,
loginDExdd2018,rp22fO,Менеджер,Носкова Нинель Иринеевна,
loginDEmom2018,0gSoaA,Директор,Суворов Егор Гордеевич,
loginDEfxd2018,uZm+f6,Менеджер,Савельева Олимпиада Данииловна,
loginDEfiy2018,nBm{qt,Конструктор,Ершова Василиса Ярославовна,
loginDEnxj2018,Y+Yif+,Конструктор,Антонов Андрей Георгьевич,
loginDEcbu2018,zLj0GQ,Менеджер,Ефимова Ираида Митрофановна,
loginDExbv2018,71t|e{,Менеджер,Субботин Максим Георгьевич,
loginDEwcj2018,AMXhqA,Конструктор,Тетерин Христофор Степанович,
loginDEsmd2018,ZWSZHe,Мастер,Абрамов Игорь Семёнович,
loginDEtug2018,b{7&Zf,Директор,Казаков Онисим Анатольевич,
loginDEcsu2018,HOFZa6,Заказчик,Нестеров Андрей Даниилович,
loginDEfse2018,axoHxw,Менеджер,Медведев Эдуард Антонович,
loginDEgcl2018,swu*ZT,Заказчик,Логинова Элеонора Дмитрьевна,C:\Users\user\Desktop\data\УП04\Импорт\Ресурсы\users\Фото пользователей\loginDEgcl2018.jpg
loginDEmzj2018,crY1JZ,Конструктор,Сергеев Георгий Кимович,
loginDEvut2018,Y7Mm*Y,Директор,Медведьев Федосей Агафонович,
loginDEwkn2018,2*lKn+, Менеджер,Ширяева Наина Васильевна,
loginDEbwn2018,rr&WdV,Мастер,Кузьмина Лукия Авдеевна,
loginDEzgc2018,UHIU&T,Мастер,Шестакова Иванна Ярославовна,
loginDEzta2018,cMVEpF,Мастер,Соболев Даниил Николаевич,
loginDEsld2018,s1Ndyp,Заказчик,Петрова Агафья Константиновна,
loginDEvgu2018,m8VeJw,Менеджер,Кудрявцев Евгений Александрович,
loginDEqbh2018,GZq4nd,Менеджер,Хохлов Семён Авдеевич,
loginDEokf2018,X3+RZ0,Конструктор,Нестеров Анатолий Донатович,
loginDEcbi2018,UrluYp,Менеджер,Киселёв Анатолий Альвианович,
loginDEgza2018,PXAA7c,Директор,Нестеров Анатолий Павлович,
loginDEswq2018,Rm&++t,Директор,Рогов Никита Вячеславович,
loginDEqxo2018,8iqEG*,Мастер,Пестов Николай Константинович,
loginDEguz2018,7wsWd4,Менеджер,Сергеева Зоя Пётровна,
loginDEaro2018,LE}Woo,Заказчик,Матвиенко Фаина Демьяновна,
loginDEaea2018,OQ8Kfz,Менеджер,Кулаков Авдей Донатович,
loginDEzhp2018,16+8Jh,Конструктор,Дмитриев Владислав Аркадьевич,
loginDEtzs2018,D9G6j1,Конструктор,Шестакова Евдокия Авксентьевна,
loginDEvem2018,HiD*0c,Мастер,Блинов Мэлор Ильяович,C:\Users\user\Desktop\data\УП04\Импорт\Ресурсы\users\Фото пользователей\loginDEvem2018.png
loginDEvzy2018,T5Qaaa,Менеджер,Щукин Федосей Павлович,
loginDErjn2018,5FMXpr,Директор,Русаков Всеволод Игнатьевич,
loginDEiam2018,b+*n+0,Заказчик,Субботина Оксана Геннадьевна,
loginDEyff2018,LB&hR+,Менеджер,Дорофеева Надежда Богдановна,
loginDEykt2018,XQlo|S,Менеджер,Щукина Надежда Германновна,
loginDEcpb2018,|Be{Wn,Конструктор,Моисеева Надежда Протасьевна,
loginDEkww2018,KzFIWJ,Мастер,Козлова Мария Валерьяновна,
loginDEldo2018,oWfgBB,Директор,Трофимова Наталья Семёновна,
loginDExhi2018,l6eiog,Заказчик,Ефремов Дамир Яковович,
loginDEltt2018,vJCz+l,Директор,Нестерова Алина Ростиславовна,
loginDEaim2018,HdgRJI,Конструктор,Лазарев Святослав Олегович,
loginDEndh2018,JUYAwS,Мастер,Поляков Мэлор Геннадьевич,
loginDEpvn2018,v18sXi,Конструктор,Молчанов Лукий Митрофанович,
loginDEcxl2018,2ToouN,Директор,Семёнова Алина Эдуардовна,
loginDEclw2018,h5Q{Nx,Конструктор,Николаев Руслан Варламович,
loginDEwik2018,DS{WpL,Менеджер,Костин Андрей Иринеевич,
loginDEjyb2018,om9BwD,Менеджер,Карпов Артём Кимович,
loginDEndc2018,r3RSO9,Директор,Орехова Мария Станиславовна,
loginDEjhx2018,cQlCrZ,Конструктор,Зуев Глеб Игнатьевич,
loginDEqjm2018,thu8kK,Мастер,Аксёнова Нинель Кондратовна,
loginDElag2018,NupBH|,Мастер,Никитин Аркадий Дмитрьевич,C:\Users\user\Desktop\data\УП04\Импорт\Ресурсы\users\Фото пользователей\loginDElag2018.jpg
loginDEsct2018,1j*J8T,Конструктор,Тетерин Ириней Викторович,
loginDEvoe2018,zC6|UG,Директор,Дорофеев Александр Авдеевич,
loginDEklg2018,l9|xfT,Конструктор,Стрелков Борис Альбертович,
loginDEpzs2018,AVm+Oj,Мастер,Уваров Макар Юрьевич,
loginDEala2018,46+ORY,Мастер,Андреева Ульяна Евгеньевна,
loginDEheo2018,XiJmr9,Мастер,Кулагин Матвей Якунович,
loginDEzyn2018,TSGsPV,Мастер,Ершова Элеонора Ивановна,
loginDEbir2018,ww9{S1,Менеджер,Васильев Роман Матвеевич,
loginDEhmv2018,KE6+sS,Менеджер,Воронцова Наина Юрьевна,
loginDEldj2018,kZwuDV,Заказчик,Ковалёв Аристарх Егорович,
loginDEqph2018,8OJ1yJ,Мастер,Ермаков Авдей Валентинович,
loginDEuyn2018,kSOtL9,Конструктор,Никонов Игорь Мстиславович,
loginDEfyh2018,04JQix,Мастер,Князев Дамир Валерьевич,
loginDEcvs2018,H*OqOg,Конструктор,Фокин Бронислав Иванович,
loginDEqok2018,kZ6|yS,Заказчик,Сысоев Даниил Даниилович,
loginDEkvs2018,0GeIOP,Конструктор,Мельникова Оксана Валентиновна,
loginDEytr2018,|vfIq2,Мастер,Громов Богдан Максимович,
loginDExid2018,FywuoL,Мастер,Фомин Владимир Игнатьевич,
loginDEzxk2018,}+j40i,Менеджер,Соколова Екатерина Руслановна,
loginDEjtd2018,ODotUj,Менеджер,Лыткина Милица Вячеславовна,
loginDEmyz2018,gKQ4r+,Мастер,Панов Пётр Пётрович,
loginDEuvg2018,}rhenI,Директор,Агафонов Егор Еремеевич,
loginDEajx2018,TaE4Dg,Конструктор,Казаков Виктор Аркадьевич,
loginDEigl2018,L2J*KI,Заказчик,Дроздов Борис Мэлорович,
loginDEoxo2018,f}*V{M,Заказчик,Игнатьев Авксентий Германович,
loginDEvhm2018,DT}WrU,Мастер,Медведьев Николай Мстиславович,
loginDEvys2018,CxXb+r,Мастер,Медведева Ирина Валентиновна,
loginDEpjw2018,T*wJeK,Заказчик,Никонов Виктор Русланович,
loginDElxp2018,vKdJGk,Мастер,Коновалов Владлен Юрьевич,
loginDExfm2018,mh6|JS,Менеджер,Алексеев Виктор Васильевич,
loginDEcxr2018,HCt|N1,Заказчик,Суворова Алина Антоновна,C:\Users\user\Desktop\data\УП04\Импорт\Ресурсы\users\Фото пользователей\loginDEcxr2018.jpg
 loginDEuqk2018,3vE*Fb,Заказчик,Жуков Игнатий Семёнович,
loginDExeb2018,Oa}fkk,Заказчик,Терентьева Анна Дамировна,
loginDEmri2018,s*YXSm,Мастер,Беспалов Григорий Христофорович,
loginDEvmr2018,t6aouh,Заказчик,Ермакова Лидия Григорьевна,
loginDEtyn2018,8qte+l,Директор,Стрелкова Лариса Варламовна,
loginDEqqw2018,qlJ6vk,Заказчик,Костина Юлия Дмитрьевна,
loginDEkjs2018,A8K6dL,Конструктор,Шарапова Марина Павловна,
loginDEvmb2018,TY5Gd5,Конструктор,Евдокимов Геннадий Макарович,
loginDErbm2018,D6SSd+,Мастер,Моисеев Лукьян Вадимович,
loginDEoez2018,j7qgHy,Заказчик,Якушева Лукия Васильевна,
loginDEvij2018,7hn2va,Директор,Меркушев Альберт Яковович,
loginDEjgh2018,7w4c6u,Директор,Вишнякова Ирина Агафоновна,
loginDEsrr2018,0fO0YH,Директор,Медведева Валентина Никитевна,
loginDEocb2018,6oLNd{,Менеджер,Кудрявцев Дамир Эдуардович,C:\Users\user\Desktop\data\УП04\Импорт\Ресурсы\users\Фото пользователей\loginDEocb2018.png
loginDEpmv2018,kjE3El,Конструктор,Беляков Владислав Богданович,
loginDEjov2018,zS&ClK,Мастер,Мамонтова Ия Лукьяновна,
loginDEafs2018,Wiw0VR,Мастер,Цветкова Алина Улебовна,
loginDEiky2018,G&fF7n,Заказчик,Максимов Донат Игнатьевич,
loginDEoyu2018,}*E9Se,Менеджер,Беспалова Надежда Владимировна,
loginDEcpi2018,8lSh*o,Мастер,Воробьёва Евпраксия Ильяовна,
loginDEjqp2018,zTKmDa,Заказчик,Миронова Глафира Сергеевна,
loginDEhnh2018,m0WYQH,Директор,Тимофеев Фёдор Валентинович,
loginDEuvi2018,U0W&Z&,Конструктор,Ефимова Дарья Всеволодовна,
loginDEuug2018,aHl3qb,Конструктор,Семёнова Марина Юрьевна,
loginDErmf2018,U4jeNa,Мастер,Смирнов Мэлор Кондратович,
loginDEhnt2018,3X5|Jy,Конструктор,Пономарёв Владлен Протасьевич,
loginDEuvr2018,wu8lYK,Заказчик,Вишняков Никита Семёнович,
loginDEpsb2018,{O|F*N,Директор,Ларионова Антонина Игнатьевна,
loginDEher2018,cTlCHC,Директор,Пономарёв Христофор Русланович,
loginDEyzh2018,8m6+}r,Заказчик,Воронова Алла Юлиановна,
loginDElvm2018,elWeXR,Менеджер,Сергеева Таисия Альвиановна,
loginDEron2018,ywlASa,Менеджер,Смирнов Евсей Сергеевич,
loginDEbzh2018,ysac1M,Заказчик,Данилова Ангелина Аркадьевна,
loginDEnmc2018,X40l}h,Директор,Лобанова Галина Демьяновна,
loginDEypj2018,2*3jan,Мастер,Горшкова Евгения Васильевна,
loginDEwvg2018,XcZ4xF,Директор,Зайцева Октябрина Станиславовна,
loginDElqo2018,TiSXX{,Мастер,Шарапова Глафира Мстиславовна,
loginDErhy2018,yQl65Q,Директор,Кулагин Мстислав Пётрович,
loginDEoqc2018,*Cm6gW,Заказчик,Сорокин Сергей Олегович,
loginDEskh2018,X{x9ae,Мастер,Кондратьев Альвиан Протасьевич,
loginDEvkg2018,tzCLIX,Заказчик,Сысоев Анатолий Арсеньевич,C:\Users\user\Desktop\data\УП04\Импорт\Ресурсы\users\Фото пользователей\loginDEvkg2018.jpg
loginDEpnq2018,D69F&h,Конструктор,Иванов Антон Степанович,
loginDEyza2018,CsA9|P,Мастер,Попов Илья Филатович,
loginDEiai2018,OPjijt,Конструктор,Захарова Маргарита Авксентьевна,
loginDEbsc2018,myJPKm,Директор,Моисеев Лукий Борисович,
loginDExsn2018,lY3vnH,Конструктор,Одинцов Никита Игоревич,
loginDEnnv2018,rITdxe,Директор,Игнатов Демьян Матвеевич,
loginDEqwh2018,yBJ1BR,Менеджер,Щербакова Октябрина Евгеньевна,
loginDEqdb2018,&S*k|o,Менеджер,Баранов Андрей Евсеевич,
loginDExdk2018,qZhYRF,Конструктор,Самойлов Агафон Юлианович,
loginDEgwd2018,AVPVNQ,Мастер,Кабанова Таисия Донатовна,
loginDExvb2018,QC7KQ0,Заказчик,Евсеева Тамара Эдуардовна,
loginDEdhh2018,WpZhYf,Конструктор,Лапина Фёкла Мстиславовна,
loginDErhx2018,iCAe1v,Директор,Дроздов Владислав Эдуардович,
loginDEenm2018,2s1Lxh,Конструктор,Орехова Ираида Николаевна,
loginDEwqd2018,MF2TkC,Конструктор,Брагина Анастасия Кимовна,
loginDEwom2018,fU+Q0O,Менеджер,Большаков Лаврентий Валерьевич,
loginDEngr2018,+yxoNp,Менеджер,Меркушева Евдокия Кимовна,
loginDEjpa2018,cagBg7,Мастер,Быкова Надежда Авксентьевна,
loginDEpgx2018,c**OJQ,Заказчик,Бурова Екатерина Ефимовна,
loginDEnng2018,E{1p}t,Конструктор,Беспалов Михаил Фёдорович,
loginDEtmh2018,ZQ2*|q,Конструктор,Марков Вячеслав Владимирович,
loginDEcbm2018,puJ4i1,Директор,Дорофеева Марина Никитевна,
loginDEfae2018,pa&d4a,Директор,Блохин Парфений Владленович,
loginDEqzo2018,Gy3lzx,Заказчик,Самсонов Альвиан Игнатьевич,
loginDEcan2018,SZKNx{,Директор,Орехова Наина Кондратовна,
loginDEobl2018,K+rV}b,Мастер, Борисов Геннадий Вячеславович,
loginDEeyg2018,TOcMjG,Заказчик,Афанасьев Владлен Евгеньевич,
loginDEdld2018,6OKEWQ,Директор,Колобова Алина Парфеньевна,
loginDErvs2018,V7Rly7,Директор,Туров Христофор Филатович,C:\Users\user\Desktop\data\УП04\Импорт\Ресурсы\users\Фото пользователей\loginDErvs2018.jpg
loginDEpux2018,NrtA{k,Заказчик,Мартынов Олег Олегович,
loginDEgwm2018,S2JKft,Директор,Давыдова Елена Георгьевна,
loginDEecp2018,iOJ*u2,Директор,Лапин Павел Макарович,
loginDEvbv2018,4X6wL5,Мастер,Громова Ульяна Егоровна,
loginDErxe2018,0egZd8,Конструктор,Нестерова Нина Юрьевна,
loginDEart2018,hnNvJ6,Директор,Захаров Фёдор Викторович,
loginDEqwf2018,YD3ird,Менеджер,Артемьева Вероника Улебовна,
loginDEszy2018,nq+dxM,Директор,Зайцев Аристарх Егорович,
loginDEbvt2018,dQdmQF,Директор,Галкин Авксентий Ильяович,
loginDEkws2018,fZj28G,Директор,Матвеев Павел Еремеевич,
loginDEizo2018,0wQJ2L,Заказчик,Ершов Федосей Геласьевич,
loginDEnnf2018,z|t5P{,Конструктор,Гущина Нонна Ефимовна,
loginDEcpv2018,|titk+,Заказчик,Матвеев Яков Христофорович,
loginDEnsx2018,czRSi3,Менеджер,Рожкова Пелагея Геннадьевна,
loginDEazz2018,uhLV9n,Заказчик,Щербакова Агата Матвеевна,
loginDEjkw2018,8I8Yk1,Конструктор,Александрова Иванна Лаврентьевна,
loginDEtri2018,0VC{f|,Заказчик,Моисеев Фёдор Мэлсович,
loginDEdlw2018,4tyo1M,Директор,Трофимов Ярослав Валентинович,
loginDEght2018,E3k7zP,Менеджер,Кондратьев Аркадий Михаилович,
loginDEhzq2018,QhSJos,Заказчик,Мартынов Матвей Антонович,
loginDEwia2018,qVG5zl,Заказчик,Лыткин Сергей Агафонович,
loginDEwmh2018,YTtWqJ,Заказчик,Тимофеев Федот Германнович,
loginDEndq2018,cv7LdO,Конструктор,Евсеева Ксения Георгьевна,
loginDErid2018,vMG+ko,Конструктор,Гришина Глафира Мэлсовна,
loginDExxh2018,UgbzHK,Мастер,Фёдоров Аркадий Николаевич,
loginDEwoz2018,vAuXEx,Мастер,Гурьев Пётр Федотович,
loginDEdjc2018,x*slLs,Директор,Марков Александр Созонович,
loginDEgzq2018,FwZalk,Заказчик,Попов Фрол Серапионович,
loginDEefa2018,O6TkFS,Конструктор,Жуков Тихон Германович,C:\Users\user\Desktop\data\УП04\Импорт\Ресурсы\users\Фото пользователей\loginDEefa2018.png
loginDEcdn2018,1MtIz},Директор,Самсонова Феврония Арсеньевна,
loginDEgwc2018,zWQpyU,Мастер,Попова Татьяна Артёмовна,
loginDEefc2018,Zaj{+Y,Менеджер,Богданов Егор Андреевич,
loginDEjef2018,J+F{R1,Конструктор,Третьяков Аристарх Геннадьевич,
loginDEpib2018,VeJY8o,Менеджер,Вишнякова Людмила Евгеньевна,
loginDEekp2018,wvC|+L,Менеджер,Горшкова Полина Якововна,
loginDEjzb2018,lRjz+1,Мастер,Соболева Валентина Созоновна,
loginDEdqb2018,w+Sx*+,Конструктор,Ковалёва Феврония Всеволодовна,
loginDEptn2018,NXXNVO,Заказчик,Иван Викторовна,
loginDEcna2018,c4RbaU,Директор,Евсеев Денис Борисович,
loginDEdrj2018,eD*hjv,Менеджер,Степанов Виталий Лукьевич,
loginDEjrm2018,Cpb+Im,Заказчик,Никифоров Всеволод Иванович,
loginDEpxl2018,P6h4Jq,Мастер,Воронов Донат Никитевич,
loginDEwgk2018,&mfI9l,Менеджер,Игнатьева Евгения Валентиновна,
loginDEpou2018,gX3f5Z,Заказчик,Буров Федот Егорович,
loginDEjwl2018,D4ZYHt,Мастер,Иван Семёновна,
loginDEabf2018,*Tasm+,Заказчик,Денисов Дамир Филатович,
loginDEwjm2018,k}DJKo,Конструктор,Ершов Максим Геласьевич,
loginDEjvz2018,&|bGTy,Мастер,Копылов Куприян Пётрович,
loginDEuyv2018,8hhrZ},Мастер,Носов Валерьян Дмитрьевич,
loginDExdm2018,DH68L9,Конструктор,Силин Игорь Авдеевич,
loginDEeiv2018,H*BxlS,Конструктор,Дроздова Александра Мартыновна,
loginDEfuc2018,VuM+QT,Конструктор,Дроздов Аркадий Геласьевич,
loginDEoot2018,usi{aT,Заказчик,Боброва Варвара Евсеевна,
loginDElhk2018,Okk0jY,Мастер,Чернова Агата Данииловна,
loginDEazg2018,s3bb|V,Заказчик,Лыткина Ульяна Станиславовна,
loginDEaba2018,+gLxUB,Директор,Лаврентьев Леонид Игнатьевич,
loginDEtco2018,tTKDJB,Мастер,Кулаков Юрий Владленович,
loginDEsyq2018,2QbpBN,Директор,Соловьёв Андрей Александрович,
loginDEpxi2018,+5X&hy,Мастер,Корнилова Марфа Макаровна,
loginDEicr2018,3+|Sn{,Менеджер,Белоусова Любовь Георгьевна,
loginDEcui2018,Zi1Tth,Конструктор,Анисимов Никита Гордеевич,C:\Users\user\Desktop\data\УП04\Импорт\Ресурсы\users\Фото пользователей\loginDEcui2018.png
loginDEpxc2018,G+nFsv,Заказчик,Стрелкова Фаина Федосеевна,
loginDEqrd2018,sApUbt,Конструктор,Осипов Евгений Иванович,
loginDEsso2018,+LHGST,Заказчик,Владимирова Иванна Павловна,
loginDErsy2018,{Aa6nS,Мастер,Кудрявцева Жанна Демьяновна,
loginDEvpz2018,mS0UxK,Конструктор,Матвиенко Яков Брониславович,
loginDEfog2018,glICay,Менеджер,Селезнёв Егор Артёмович,
loginDEpii2018,Ob}RZB,Менеджер,Брагин Куприян Митрофанович,
loginDEhyk2018,*gN}Tc,Менеджер,Гордеев Виктор Эдуардович,
loginDEdxi2018,ywLUbA,Директор,Мартынов Онисим Брониславович,
loginDEzro2018,B24s6o,Заказчик,Никонова Евгения Павловна,
loginDEuxg2018,K8jui7,Заказчик,Полякова Анна Денисовна,
loginDEllw2018,jNtNUr,Мастер,Макарова Пелагея Антониновна,
loginDEddg2018,gGGhvD,Заказчик,Андреева Анна Вячеславовна,
loginDEpdz2018,+XZKSw,Менеджер,Кудрявцева Кира Ефимовна,
loginDEyiw2018,cnj3QR,Менеджер,Шилова Кира Егоровна,
loginDEqup2018,95AU|R,Менеджер,Ситников Игорь Борисович,
loginDExil2018,w+++Ht,Директор,Русаков Борис Христофорович,
loginDEkuv2018,Ade++|,Мастер,Капустина Ульяна Игоревна,
loginDEmox2018,Je}9e7,Мастер,Беляков Семён Германнович,
loginDEvug2018,lEa{Cn,Мастер,Гурьев Ириней Игнатьевич,
loginDEzre2018,N*VX+G,Мастер,Мишин Христофор Леонидович,C:\Users\user\Desktop\data\УП04\Импорт\Ресурсы\users\Фото пользователей\loginDEzre2018.jpg
loginDEbes2018,NaVtyH,Директор,Лазарева Антонина Христофоровна,
loginDEkfg2018,r1060q,Конструктор,Маркова Ираида Сергеевна,
loginDEyek2018,KY2BL4,Конструктор,Носкова Пелагея Валерьевна,
loginDEloq2018,NZV5WR,Мастер,Баранов Станислав Дмитрьевич,
loginDEjfb2018,TNT+}h,Директор,Ефремов Демьян Артёмович,
loginDEueq2018,GqAUZ6,Менеджер,Константинов Всеволод Мэлсович,
loginDEpqz2018,F0Bp7F,Мастер,Ситникова Ираида Андреевна,
loginDEovk2018,JyJM{A,Менеджер,Матвеев Кондрат Иванович,
loginDEhej2018,K9Z5Vp,Директор,Носков Альвиан Онисимович,
loginDEqrj2018,PC2nrX,Мастер,Степанова Любовь Мэлсовна,
loginDEqca2018,hLEkgV,Директор,Кононов Авдей Протасьевич,
loginDElme2018,|wu0n4,Директор,Ларионов Макар Якунович,
loginDEfnf2018,6cftrw,Заказчик,Пахомова Эмилия Геласьевна,
loginDEpbt2018,}}vuSH,Конструктор,Сысоев Виктор Варламович,
loginDEhdc2018,iF+GK&,Заказчик,Денисова Ия Филатовна,
loginDEcox2018,y+vRV{,Заказчик,Лобанова Акулина Игоревна,
loginDEsds2018,SxMndn,Заказчик,Жуков Максим Николаевич,C:\Users\user\Desktop\data\УП04\Импорт\Ресурсы\users\Фото пользователей\loginDEsds2018.png
loginDEbye2018,sHjuzU,Директор,Александрова Анжелика Евгеньевна,
loginDEakk2018,f5aZnV,Директор,Коновалов Игнатий Юлианович,
loginDEmrf2018,uEB&n4,Директор,Михайлов Ростислав Вадимович,
loginDEyje2018,zxEUoz,Конструктор,Шаров Герман Митрофанович,
loginDEhqg2018,0Z4{o3,Заказчик,Воронцова Нонна Дмитрьевна,
loginDExyv2018,wSMsO2,Мастер,Хохлова Мария Тихоновна,
loginDEwoq2018,0RQ1nZ,Менеджер,Уваров Федосей Донатович,
loginDEkbf2018,mBqfYS,Мастер,Андреева Нина Михаиловна,
loginDEwtx2018,Ig3rQJ,Мастер,Новиков Николай Мэлсович,
loginDEhio2018,3Aaqne,Директор,Жданова Анна Еремеевна,
loginDEome2018,hAOrBa,Заказчик,Егорова Фёкла Кондратовна,
loginDEflj2018,alo84u,Конструктор,Зиновьев Лукий Владимирович,
loginDEnei2018,M2pIA8,Заказчик,Пахомов Протасий Артёмович,
loginDEzbo2018,8km&kZ,Конструктор,Рожков Дамир Ростиславович,
loginDEsdu2018,}MbQZe,Заказчик,Наумова Лариса Антоновна,
loginDEklp2018,kecK{O,Конструктор,Кузьмин Максим Антонинович,
loginDEzdc2018,Zf8mx0,Конструктор,Беспалов Демьян Алексеевич,
loginDEkzp2018,G*n9OB,Директор,Суханов Мартын Глебович,
loginDEdqe2018,Gzy&A6,Конструктор,Сергеев Никита Валентинович,
loginDElmm2018,dbX7VE,Менеджер,Пахомова Тамара Владиславовна,
loginDEnhf2018,PlKjdc,Конструктор,Герасимов Демьян Никитевич,
loginDEcrj2018,FI&nQq,Менеджер,Гришина Феврония Егоровна,
loginDExhd2018,8sE1Q5,Менеджер,Козлова Вера Георгьевна,C:\Users\user\Desktop\data\УП04\Импорт\Ресурсы\users\Фото пользователей\loginDExhd2018.png
loginDEgcs2018,hNDB+t,Заказчик,Лазарева Мария Сергеевна,
loginDEmub2018,RDXGd1,Конструктор,Медведьев Василий Варламович,
loginDEqms2018,|uq7Lb,Мастер,Орлов Виктор Павлович,
loginDEvqe2018,wJzfcY,Мастер,Журавлёв Агафон Мэлсович,
loginDEupi2018,WNX1|z,Заказчик,Тимофеев Мартын Еремеевич,
loginDEwka2018,y}vBjg,Заказчик,Ларионов Мартын Геласьевич,
loginDEkkb2018,+zE&cU,Менеджер,Белозёров Андрей Николаевич,
loginDEeni2018,mpWg+d,Директор,Пономарёв Дмитрий Гордеевич,
loginDEset2018,CTN+IM,Менеджер,Белозёрова Юлия Ростиславовна,
loginDEmii2018,B84UwV,Заказчик,Щербаков Александр Федотович,
loginDEikh2018,3yKW4y,Директор,Артемьев Даниил Филатович,
loginDEaqv2018,nl0D9i,Менеджер,Зиновьев Дамир Ефимович,
loginDErgc2018,Hr9YpQ,Директор,Туров Лукий Альбертович,
loginDEntg2018,pVmHC0,Конструктор,Смирнова Мария Иринеевна,
loginDEbuk2018,gLK7UQ,Менеджер,Крюкова Октябрина Геннадьевна,
loginDEsib2018,pM3n0J,Конструктор,Медведева Мария Антониновна,
loginDEmqs2018,KRp6IW,Конструктор,Назаров Степан Макарович,
loginDEljn2018,368eRp,Менеджер,Николаева Василиса Всеволодовна,
loginDEppn2018,6}i+FD,Директор,Ефремов Сергей Пантелеймонович,
loginDElqb2018,RNynil,Мастер,Родионова Тамара Валентиновна,
loginDEydn2018,34I}X9,Менеджер,Миронова Галина Улебовна,
loginDEijg2018,4QlKJW,Директор,Сидоров Роман Иринеевич,
loginDEdpy2018,MJ0W|f,Мастер,Ситников Парфений Всеволодович,
loginDEwdm2018,&PynqU,Менеджер,Никонов Роман Геласьевич,C:\Users\user\Desktop\data\УП04\Импорт\Ресурсы\users\Фото пользователей\loginDEwdm2018.jpg
loginDEdup2018,JM+2{s,Заказчик,Щербаков Владимир Матвеевич,
loginDEhbm2018,9aObu4,Мастер,Кулаков Мартын Михаилович,
loginDExvq2018,hX0wJz,Мастер,Сазонова Оксана Лаврентьевна,
loginDErks2018,LQNSjo,Конструктор,Архипов Варлам Мэлорович,
loginDErvb2018,ceAf&R,Конструктор,Устинова Ираида Мэлоровна,
loginDEulo2018,+d0+iV,Мастер,Лукин Георгий Альбертович,
loginDEgfw2018,3c2Ic1,Заказчик,Кононов Эдуард Валентинович,
loginDEmxb2018,ZPXcRS,Заказчик,Орехова Клавдия Альбертовна,
loginDEgeq2018,&&Eim0,Менеджер,Яковлев Яков Эдуардович,
loginDEkhj2018,Pbc0t{,Конструктор,Воронов Мэлс Семёнович,
loginDEliu2018,32FyTl,Директор,Вишнякова Ия Данииловна,
loginDEsmf2018,{{O2QG,Конструктор,Третьяков Фёдор Вадимович,
loginDEutd2018,GbcJvC,Директор,Макаров Максим Ильяович,
loginDEpgh2018,YV2lvh,Конструктор,Шубина Маргарита Анатольевна,
loginDEvop2018,pBP8rO,Заказчик,Блинова Ангелина Владленовна,
loginDEwjo2018,EQaD|d,Мастер,Воробьёв Владлен Фролович,
loginDEbur2018,aZKGeI,Заказчик,Сорокина Прасковья Фёдоровна,
loginDEszw2018,EGU{YE,Директор,Давыдов Яков Антонович,
loginDExsu2018,*2RMsp,Конструктор,Рыбакова Евдокия Анатольевна,C:\Users\user\Desktop\data\УП04\Импорт\Ресурсы\users\Фото пользователей\loginDExsu2018.jpg
loginDEztn2018,nJBZpU,Мастер,Маслов Геннадий Фролович,
loginDEtmn2018,UObB}N,Заказчик,Цветкова Элеонора Аристарховна,
loginDEhep2018,SwRicr,Менеджер,Евдокимов Ростислав Александрович,
loginDEevr2018,zO5l}l,Конструктор,Никонова Венера Станиславовна,
loginDEnpa2018,M*QLjf,Мастер,Громов Егор Антонович,
loginDEgyt2018,Pav+GP,Директор,Суворова Валерия Борисовна,
loginDEbrr2018,Z7L|+i,Директор,Мишина Елизавета Романовна,
loginDEyoo2018,UG1BjP,Менеджер,Зимина Ольга Аркадьевна,
loginDEaob2018,3fy+3I,Заказчик,Игнатьев Игнатий Антонинович,
loginDEwtz2018,&GxSST,Конструктор,Пахомова Зинаида Витальевна,
loginDEctf2018,sjt*3N,Конструктор,Устинов Владимир Федосеевич,
loginDEipm2018,MAZl6|,Менеджер,Кулаков Мэлор Вячеславович,
loginDEjoi2018,o}C4jv,Менеджер,Сазонов Авксентий Брониславович,
loginDEwap2018,4hny7k,Мастер,Бурова Наина Брониславовна,
loginDEaxm2018,BEc3xq,Заказчик,Фадеев Демьян Федосеевич,C:\Users\user\Desktop\data\УП04\Импорт\Ресурсы\users\Фото пользователей\loginDEaxm2018.png
loginDEsmq2018,ATVmM7,Конструктор,Бобылёва Дарья Якуновна,
loginDEeur2018,n4V{wP,Менеджер,Виноградов Созон Арсеньевич,
loginDEvke2018,WQLXSl,Директор,Гордеев Владлен Ефимович,
loginDEvod2018,0EW93v,Мастер,Иванова Зинаида Валерьевна,
loginDEjaw2018,h6z&Ky,Менеджер,Гусев Руслан Дамирович,
loginDEpdp2018,8NvRfC,Заказчик,Маслов Дмитрий Иванович,
loginDEjpp2018,oMOQq3,Менеджер,Антонова Ульяна Семёновна,
loginDEkiy2018,BQzsts,Директор,Орехова Людмила Владимировна,
loginDEhmn2018,a|Iz|7,Директор,Авдеева Жанна Куприяновна,
loginDEfmn2018,cw3|03,Мастер,Кузнецов Фрол Варламович,
loginDErfg2018,5ovb1N,Менеджер,Лихачёв Онисим Гордеевич,
loginDEymi2018,nR0+pI,Мастер,Рожков Тихон Владиславович,
loginDEnbi2018,Ed*JQP,Мастер,Павлов Максим Фёдорович,
loginDEhvg2018,SaHv6w,Директор,Шилов Матвей Альбертович,
loginDEmbg2018,Fou{d3,Директор,Шаров Федосей Юрьевич,
loginDEubq2018,{jzW2v,Менеджер,Медведева Пелагея Мартыновна,
loginDEosl2018,O3O}we,Заказчик,Медведев Григорий Агафонович,C:\Users\user\Desktop\data\УП04\Импорт\Ресурсы\users\Фото пользователей\loginDEosl2018.jpg
loginDErog2018,&W4Wtq,Мастер,Соколова Марфа Всеволодовна,
loginDEsku2018,fUldqr,Менеджер,Петухова Василиса Еремеевна,
loginDEatu2018,}nGbhZ,Мастер,Беспалова Галина Дмитрьевна,
loginDEhks2018,XV|+W4,Заказчик,Андреева Александра Владиславовна,
loginDEzbl2018,ih4xKJ,Мастер,Селезнёв Федот Валентинович,
loginDEoxa2018,mL+97r,Мастер,Вишняков Сергей Иванович,
loginDEssm2018,oBrTGr,Мастер,Зимин Василий Русланович,
loginDEzxw2018,pX&AsH,Мастер,Фадеева Регина Онисимовна,
loginDEkzo2018,n3es*S,Заказчик,Артемьев Варлам Альбертович,
loginDEdaq2018,dWsvBS,Менеджер,Щербаков Лукий Онисимович,
loginDEnjd2018,0&3HHn,Менеджер,Горбунов Матвей Сергеевич,
 loginDEluw2018,S3wj{I,Конструктор,Зиновьева Варвара Антоновна,
loginDEole2018,p+kvb6,Директор,Фролов Юрий Варламович,
loginDEebl2018,+t&bky,Конструктор,Ларионова Василиса Владимировна,
loginDEfug2018,z|6cXV,Менеджер,Силин Вячеслав Валерьевич,
loginDEgfx2018,GFSZAB,Менеджер,Герасимова Феврония Валерьяновна,
loginDEtww2018,4icZTg,Директор,Пономарёва Вера Руслановна,
loginDElyc2018,+SJEpd,Конструктор,Медведьев Руслан Богданович,
loginDEcbd2018,GwG*p6,Мастер,Владимиров Геласий Пантелеймонович,
loginDEcay2018,ehtG*H,Заказчик,Корнилов Иван Игоревич,
loginDEmel2018,8zmoSV,Менеджер,Иван Вячеславовна,
loginDEhqk2018,KBc4A+,Мастер,Ермакова Зинаида Данииловна,
loginDEkny2018,v2+4Ro,Мастер,Пахомова Элеонора Григорьевна,
loginDEmda2018,sG+NF0,Конструктор,Гущина Вера Ефимовна,
loginDEhhf2018,d+GS5y,Директор,Полякова Антонина Андреевна,
loginDEilc2018,eyRufZ,Мастер,Зуева Марина Ильяовна,
loginDEwfv2018,ZSUiGT,Конструктор,Агафонов Агафон Максимович,C:\Users\user\Desktop\data\УП04\Импорт\Ресурсы\users\Фото пользователей\loginDEwfv2018.png
loginDEozn2018,nndP3Q,Директор,Архипов Агафон Игоревич,
loginDEbtr2018,FdZrI3,Конструктор,Лапина Иванна Аристарховна,
loginDEcuf2018,aOdzYf,Заказчик,Маслова Мария Аристарховна,
loginDEtye2018,MEJjQt,Менеджер,Русаков Василий Куприянович,
loginDEncq2018,GgG3m0,Директор,Николаева Евдокия Пётровна,
loginDEtmt2018,}FOh*},Мастер,Прохоров Олег Брониславович,
loginDEyqb2018,xLmuQq,Директор,Зайцев Макар Владленович,
loginDExld2018,a8Vjkx,Менеджер,Жданов Сергей Гордеевич,
loginDEnig2018,Cm00D0,Директор,Нестеров Авдей Митрофанович,
loginDEmly2018,IZJ7O|,Мастер,Григорьева Глафира Антоновна,
loginDElom2018,Yg}k84,Директор,Зыков Геласий Лаврентьевич,
loginDEvoa2018,RdGikC,Конструктор,Александрова Марфа Протасьевна,
loginDEwmq2018,ds4KAb,Мастер,Мухин Донат Ростиславович,
loginDEdba2018,D7xF6u,Директор,Костин Геласий Германнович,
loginDEnsr2018,VZKTog,Директор,Лазарев Протасий Игоревич,
loginDEqsc2018,UU|FkZ,Заказчик,Пестов Богдан Германнович,
loginDEbct2018,Qg3gff,Заказчик,Алексеев Владислав Аркадьевич,
loginDEvtg2018,ETMNzL,Мастер,Савельева Евфросиния Арсеньевна,
loginDEuro2018,a1MIcO,Заказчик,Никонов Мэлс Лукьевич,
loginDEpst2018,0CyGnX,Менеджер,Горшкова Агафья Онисимовна,
loginDEpsu2018,Vx9cQ{,Менеджер,Горбачёв Пантелеймон Германович,
loginDEzqs2018,qM9p7i,Директор,Ершова Иванна Максимовна,
loginDEioe2018,yMPu&2,Заказчик,Туров Денис Геласьевич,
loginDEcmk2018,3f+b0+,Директор,Носова Наина Эдуардовна,
loginDEfsp2018,&dtlI+,Конструктор,Куликов Андрей Святославович,C:\Users\user\Desktop\data\УП04\Импорт\Ресурсы\users\Фото пользователей\loginDEfsp2018.png
loginDExcd2018,SZXZNL,Директор,Нестеров Агафон Георгьевич,
loginDEvlf2018,O5mXc2,Мастер,Козлов Геласий Христофорович,
loginDEanv2018,Xiq}M3,Заказчик,Борисова Анжелика Анатольевна,
loginDEzde2018,tlO3x&,Мастер,Суханов Станислав Фролович,
loginDEriv2018,GJ2mHL,Директор,Тетерина Феврония Эдуардовна,
loginDEhcp2018,n2nfRl,Заказчик,Муравьёва Александра Ростиславовна,
loginDEwjv2018,ZfseKA,Менеджер,Новикова Лукия Ярославовна,
loginDEiry2018,5zu7+},Мастер,Агафонова Лариса Михаиловна,
loginDEgbr2018,}+Ex1*,Заказчик,Сергеева Агата Юрьевна,
loginDExxv2018,+daE|T,Конструктор,Колобова Елена Евгеньевна,
loginDEbto2018,b1iYMI,Мастер,Ситников Николай Филатович,
loginDEfbs2018,v90Rep,Директор,Белов Роман Иринеевич,
loginDEple2018,WlW+l8,Менеджер,Волкова Алла Лукьевна,
loginDEhhx2018,hmCHeQ,Менеджер,Кудрявцева Таисия Игоревна,
loginDEayn2018,Ka2Fok,Заказчик,Семёнова Октябрина Христофоровна,
loginDEwld2018,y9HStF,Заказчик,Смирнов Сергей Яковович,
loginDEhuu2018,X31OEf,Мастер,Брагина Алина Валерьевна,
loginDEmjb2018,5mm{ch,Менеджер,Евсеев Игорь Донатович,
loginDEdgp2018,1WfJjo,Конструктор,Суворов Илья Евсеевич,C:\Users\user\Desktop\data\УП04\Импорт\Ресурсы\users\Фото пользователей\loginDEdgp2018.png
loginDEgyi2018,|7nYPc,Конструктор,Котов Денис Мартынович,
loginDEmvn2018,Mrr9e0,Мастер,Бобылёва Юлия Егоровна,
loginDEfoj2018,nhGc+D,Заказчик,Брагин Бронислав Георгьевич,
loginDEuuo2018,42XmH1,Мастер,Александров Владимир Дамирович,
loginDEhsj2018,s+jrMW,Конструктор,Фокин Ириней Ростиславович,
loginDEvht2018,zMyS8Z,Мастер,Воронов Митрофан Антонович,
loginDEeqo2018,l5CBqA,Мастер,Маслов Мстислав Антонинович,
loginDExrf2018,mhpRIT,Мастер,Щербаков Георгий Богданович,
loginDEfku2018,a1m+8c,Мастер,Кириллова Эмилия Федосеевна,
loginDExix2018,hzxtnn,Заказчик,Васильев Серапион Макарович,
loginDEqrf2018,mI8n58,Конструктор,Галкина Олимпиада Владленовна,
loginDEhlk2018,g0jSed,Менеджер,Яковлева Ксения Онисимовна,
loginDEwoe2018,yOtw2F,Мастер,Калашникова Александра Владимировна,
loginDExyu2018,7Fg}9p,Менеджер,Медведьева Таисия Тихоновна,
loginDEcor2018,2cIrC8,Директор,Карпова Ольга Лукьевна,
loginDEqon2018,YeFbh6,Мастер,Герасимов Мстислав Дамирович,
loginDEyfd2018,8aKdb0,Директор,Тимофеева Ксения Валерьевна,
loginDEtto2018,qXYDuu,Директор,Горбунов Вячеслав Станиславович,
loginDEdal2018,cJWXL0,Мастер,Кошелева Кира Владиславовна,
loginDEbjs2018,Xap2ct,Заказчик,Панфилова Марина Борисовна,
loginDEdof2018,kD|LRU,Мастер,Кудрявцев Матвей Игоревич,
loginDEsnh2018,+axm5b,Менеджер,Зуев Эдуард Пантелеймонович,
loginDEftn2018,gPq+a},Заказчик,Герасимов Вячеслав Ростиславович,
loginDEhuv2018,EJFYzS,Менеджер,Суворов Всеволод Богданович,
loginDEfhd2018,{4wU7n,Менеджер,Ширяев Иван Игоревич,
loginDEaon2018,&OmaNE,Заказчик,Колобова Иванна Геннадьевна,
loginDEyat2018,ELSTyH,Мастер,Шестаков Антон Константинович,
loginDEmin2018,pQ6jze,Менеджер,Игнатьев Федосей Богданович,
loginDEzal2018,zbU8R5,Менеджер,Горбунов Валентин Григорьевич,
loginDEemw2018,NxhF5I,Мастер,Терентьева Анжела Михаиловна,C:\Users\user\Desktop\data\УП04\Импорт\Ресурсы\users\Фото пользователей\loginDEemw2018.png
loginDEmqt2018,SIasu5,Мастер,Мясникова Ия Евсеевна,
loginDEpxx2018,Xv{vjN,Мастер,Горбунов Григорий Денисович,
loginDEetv2018,lNi&rF,Заказчик,Герасимов Олег Авксентьевич,
loginDEonq2018,mKIIRQ,Мастер,Меркушева Нинель Матвеевна,
loginDErhl2018,U}rb9j,Конструктор,Степанов Григорий Матвеевич,
loginDEfou2018,O+S9hm,Мастер,Агафонов Владлен Станиславович,
loginDElno2018,le1vt2,Заказчик,Кузнецов Фрол Георгьевич,
loginDEtbx2018,CQplH|,Мастер,Игнатьев Борис Владиславович,
loginDEltw2018,zvjkwE,Заказчик,Симонов Юрий Созонович,
loginDEfuz2018,ILry03,Менеджер,Степанов Евсей Федотович,
loginDEygj2018,7b6PUb,Конструктор,Зыков Вячеслав Антонович,
loginDEwpn2018,9BBkXP,Менеджер,Анисимова Алина Протасьевна,
loginDEyix2018,6zbXg*,Менеджер,Артемьева Лариса Макаровна,
loginDEtms2018,70Z&Zy,Директор,Мамонтова Ия Христофоровна,
loginDEmgl2018,QJNgD&,Директор,Котова Светлана Леонидовна,
loginDEhix2018,ZKnd*0,Директор,Фёдорова Алла Брониславовна,
loginDEwbk2018,iJMh5B,Мастер,Гущина Анжела Аркадьевна,
loginDEpwa2018,yn5MLQ,Мастер,Дмитриев Григорий Мэлорович,C:\Users\user\Desktop\data\УП04\Импорт\Ресурсы\users\Фото пользователей\loginDEpwa2018.jpg
loginDElrx2018,lbX+dF,Заказчик,Дроздова Фёкла Митрофановна,
loginDEidx2018,R2j0mn,Заказчик,Гаврилов Василий Германович,
loginDEzmk2018,ZrgBk6,Менеджер,Суханова Фаина Юрьевна,
loginDEvje2018,gCU1fd,Директор,Савельев Егор Сергеевич,
loginDEwun2018,yy+Qhe,Мастер,Иван Васильевна,
loginDEfzq2018,36H8f},Менеджер,Сазонова Клавдия Евгеньевна,
loginDEwel2018,UU5FTi,Заказчик,Шаров Григорий Созонович,
loginDEljg2018,CT44Gc,Мастер,Щербаков Кондрат Фёдорович,
loginDEgsp2018,9ACW}r,Менеджер,Дроздов Дмитрий Юлианович,
loginDEjvp2018,etLGcB,Заказчик,Молчанов Юрий Лукьянович,
loginDEapt2018,cwx{RH,Конструктор,Тихонов Валентин Авдеевич,
loginDEilb2018,IN2Ahc,Конструктор,Виноградов Юрий Лукьевич,
loginDErch2018,|&DFy+,Директор,Горбунова Нинель Сергеевна,
loginDEfwx2018,t|*wCk,Конструктор,Маслов Леонид Николаевич,
loginDEggp2018,bBNxJb,Менеджер,Родионова Венера Арсеньевна,C:\Users\user\Desktop\data\УП04\Импорт\Ресурсы\users\Фото пользователей\loginDEggp2018.png
loginDEbgb2018,VtmP58,Конструктор,Агафонов Пантелеймон Гордеевич,
loginDEnif2018,Nhj*t+,Заказчик,Кудрявцев Гордей Авксентьевич,
loginDEsvs2018,tLgPnC,Заказчик,Лыткина Алевтина Романовна,
loginDEghx2018,gue+iw,Мастер,Князев Геласий Евсеевич,
loginDElmy2018,X2LtuP,Заказчик,Бирюкова Пелагея Дмитрьевна,
loginDEevd2018,GMbcZN,Мастер,Быков Лаврентий Ярославович,
loginDEodd2018,s2|Eb1,Менеджер,Воронов Олег Яковович,
loginDEmrj2018,blrD&8,Менеджер,Богданова Марфа Владимировна,
loginDEyct2018,uD+|Ud,Мастер,Беляев Донат Агафонович,
loginDEsgg2018,qhgYnW,Заказчик,Константинова  Вероника Агафоновна,
loginDEdcd2018,LxR6YI,Мастер,Меркушев Мартын Федотович,
loginDEisg2018,Cp8ddU,Мастер,Казаков Федот Кондратович,
loginDEcph2018,7YpE0p,Директор,Карпов Улеб Леонидович,
loginDEgco2018,nMr|ss,Мастер,Королёв Матвей Вадимович,
loginDEwjg2018,9UfqWQ,Менеджер,Юдин Герман Кондратович,
loginDEjbz2018,xIAWNI,Конструктор,Беляева Анна Вячеславовна,
loginDEmgu2018,0gC3bk,Менеджер,Беляев Валентин Артёмович,
loginDErdg2018,ni0ue0,Заказчик,Семёнов Герман Дмитрьевич,
loginDEjtv2018,f2ZaN6,Менеджер,Шестаков Илья Антонинович,
loginDEtfj2018,{{ksPn,Менеджер,Власов Вадим Васильевич,
loginDEpnb2018,{ADBdc,Заказчик,Савельев Арсений Авксентьевич,
loginDEzer2018,5&R+zs,Заказчик,Ефимов Руслан Якунович,
loginDEiin2018,y9l*b},Менеджер,Бурова Марфа Федотовна,
loginDEqda2018,|h+r}I,Менеджер,Селезнёв Александр Никитевич,C:\Users\user\Desktop\data\УП04\Импорт\Ресурсы\users\Фото пользователей\loginDEqda2018.png
loginDEbnj2018,+SW2I3,Мастер,Кулакова Виктория Георгьевна,
loginDEqte2018,dC8bDI,Менеджер,Дорофеева Кира Демьяновна,
loginDEfeo2018,8cI7vq,Менеджер,Сафонова Нинель Якововна,
loginDEvni2018,e4pVIv,Конструктор,Ситникова София Лукьевна,
loginDEjis2018,A9K++2,Мастер,Медведев Ириней Геннадьевич,
loginDExvv2018,R1zh}|,Директор,Суханова Евгения Улебовна,
loginDEadl2018,F&IWf4,Директор,Игнатьев Владлен Дамирович,
loginDEyzn2018,P1v24R,Конструктор,Ефремов Христофор Владиславович,
loginDEphn2018,F}jGsJ,Мастер,Кошелев Ростислав Куприянович,
loginDEdvk2018,NKNkup,Мастер,Галкина Тамара Авксентьевна,
loginDEtld2018,c+CECK,Менеджер,Журавлёва Вера Арсеньевна,
loginDEima2018,XK3sOA,Заказчик,Савина Таисия Глебовна,
loginDEyfe2018,4Bbzpa,Менеджер,Иванов Яков Мэлорович,
loginDEwqc2018,vRtAP*,Заказчик,Лыткин Ким Алексеевич,
loginDEgtt2018,7YD|BR,Заказчик,Логинов Федот Святославович,
loginDEiwl2018,LhlmIl,Мастер,Русакова Марина Юлиановна,
loginDEyvi2018,22beR},Заказчик,Константинов Пётр Кондратович,
loginDEtfz2018,uQY0ZQ,Мастер,Поляков Анатолий Игоревич,
loginDEikb2018,*QkUxc,Конструктор,Панфилова Василиса Григорьевна,
loginDEdmi2018,HOGFbU,Директор,Воробьёв Герман Романович,
loginDEtlo2018,58Jxrg,Мастер,Андреев Ростислав Федосеевич,
loginDEsnd2018,lLHqZf,Мастер,Бобров Агафон Владимирович,
loginDEgno2018,4fqLiO,Конструктор,Лапин Алексей Витальевич,
loginDEgnl2018,wdio{u,Директор,Шестаков Авдей Иванович,
loginDEzna2018,yz1iMB,Мастер,Гаврилова Алина Эдуардовна,
loginDEsyh2018,&4jYGs,Директор,Жуков Юлиан Валерьянович,
loginDExex2018,rnh36{,Менеджер,Пономарёв Максим Альвианович,
loginDEdjm2018,KjI1JR,Конструктор,Зиновьева Мария Лаврентьевна,
loginDEgup2018,36|KhF,Мастер,Осипов Артём Мэлорович,
loginDEdat2018,ussd8Q,Заказчик,Лапин Вячеслав Геласьевич,C:\Users\user\Desktop\data\УП04\Импорт\Ресурсы\users\Фото пользователей\loginDEdat2018.png
loginDEffj2018,cJP+HC,Конструктор,Зуев Ириней Вадимович,
loginDEisp2018,dfz5Ii,Мастер,Коновалова Агафья Митрофановна,
loginDEfrp2018,6dcR|9,Мастер,Исаев Дмитрий Аристархович,
loginDEaee2018,5&qONH,Директор,Белозёрова Алевтина Лаврентьевна,
loginDEthu2018,|0xWzV,Мастер,Самсонов Агафон Максимович,
loginDEdcx2018,TYlFkM,Мастер,Якушев Евсей Лукьевич,
loginDEnsa2018,LdqH+T,Заказчик,Фёдоров Святослав Григорьевич,
loginDErxm2018,8EavEy,Мастер,Борисов Герман Дамирович,
loginDEaic2018,X2adoa,Заказчик,Ситников Серапион Фролович,
loginDEwul2018,uK&3Zr,Директор,Третьяков Валерьян Иринеевич,
loginDEjgl2018,++04Tb,Конструктор,Комиссарова Мария Владимировна,
loginDEgtk2018,pNWXhi,Конструктор,Меркушева Раиса Владленовна,
loginDEvrd2018,S7N9hz,Заказчик,Калашникова Венера Якуновна,
loginDExky2018,Kt9EAS,Конструктор,Комиссаров Семён Павлович,
loginDExnj2018,IJDdP0,Менеджер,Денисов Митрофан Егорович,
loginDEnbu2018,86uDLd,Директор,Матвиенко Дамир Богданович,
loginDEiik2018,gKt2zV,Конструктор,Кириллов Константин Алексеевич,
loginDEwyi2018,9eskgK,Менеджер,Медведьев Фёдор Мэлсович,
loginDEpfr2018,mW1Q36,Конструктор,Карпов Евгений Лукьевич,
loginDEjct2018,3WpoK9,Конструктор,Маркова Евдокия Артёмовна,
loginDEsmg2018,ApH1By,Заказчик,Красильников Тихон Богданович,C:\Users\user\Desktop\data\УП04\Импорт\Ресурсы\users\Фото пользователей\loginDEsmg2018.jpg
loginDEexu2018,Nt44pG,Заказчик,Титов Семён Иринеевич,
loginDEztr2018,MYCgB7,Заказчик,Кудряшов Борис Иринеевич,
loginDEwrc2018,SktJa|,Заказчик,Гаврилова Нинель Денисовна,
loginDEzjs2018,|x{s+X,Мастер,Быков Дмитрий Валерьянович,
loginDEeka2018,mLZvLv,Заказчик,Фомичёв Денис Федосеевич,
loginDEepr2018,BG6tpN,Конструктор,Белова Марфа Матвеевна,
loginDEsnq2018,hrD}}g,Мастер,Романова Марина Лаврентьевна,
loginDEvqn2018,LPa|e3,Менеджер,Беспалов Демьян Витальевич,
loginDEery2018,*I0Rdi,Менеджер,Архипова Венера Демьяновна,
loginDElqv2018,Hqfw17,Менеджер,Носков Парфений Георгьевич,
loginDEtuz2018,Yln7JW,Мастер,Зыков Иван Варламович,
loginDEllr2018,hXtdCD,Директор,Иван Протасьевна,
loginDEisy2018,5k5dHN,Менеджер,Рожков Протасий Альвианович,C:\Users\user\Desktop\data\УП04\Импорт\Ресурсы\users\Фото пользователей\loginDEisy2018.png
loginDEqiv2018,h+N2uW,Конструктор,Большакова Нинель Протасьевна,
loginDEmfu2018,{ZpDBn,Заказчик,Наумова Лидия Донатовна,
loginDEgbd2018,+86Nf*,Заказчик,Панова Ольга Олеговна,
loginDEkdg2018,R0tt07,Мастер,Комаров Аркадий Иванович,
loginDEjrs2018,MVg{yd,Менеджер,Федосеева Тамара Михаиловна,
loginDEmvd2018,wyLDa{,Менеджер,Пестов Роман Михаилович,
loginDEctc2018,B&dlx+,Директор,Блинов Артём Ильяович,
loginDEavf2018,oDTttg,Менеджер,Владимирова Полина Иринеевна,
loginDEako2018,tD8J5+,Мастер,Силин Игнатий Яковович,
loginDEzrg2018,WXIgGi,Менеджер,Кононов Геннадий Созонович,
loginDEdwq2018,WkTaBP,Менеджер,Дьячков Фрол Арсеньевич,
loginDEszg2018,NWkAVP,Конструктор,Горбачёв Арсений Григорьевич,
loginDEmeh2018,HQ+m4W,Заказчик,Виноградов Яков Онисимович,
loginDEpwm2018,be7AT0,Директор,Лаврентьева Валентина Васильевна,
loginDEnaq2018,I8c5EB,Мастер,Брагин Лукьян Мартынович,
loginDEtuk2018,6aDAzV,Заказчик,Трофимов Кондрат Игоревич,
loginDEhsb2018,n|I6A0,Конструктор,Степанова Глафира Авксентьевна,
loginDEaoi2018,Dl58m|,Менеджер,Федосеев Пётр Григорьевич,
loginDErmk2018,D3GuIv,Конструктор,Поляков Николай Антонович,
loginDEfnd2018,74D9|d,Конструктор,Медведев Владимир Онисимович,
loginDEtza2018,A7Qldh,Конструктор,Иван Мэлоровна,
loginDEnoq2018,qyKzu6,Конструктор,Медведева Ангелина Валентиновна,C:\Users\user\Desktop\data\УП04\Импорт\Ресурсы\users\Фото пользователей\loginDEnoq2018.jpg
loginDEmid2018,CVjLBK,Конструктор,Сафонова Дарья Брониславовна,
loginDEaua2018,OJgRk4,Менеджер,Большаков Федот Владимирович,
loginDEvvs2018,oBv+5G,Директор,Дроздов Куприян Александрович,
loginDEhne2018,Lidn5o,Менеджер,Рябова Лукия Руслановна,
loginDEksx2018,gLTUuE,Мастер,Артемьева Фаина Христофоровна,
loginDEota2018,xc&O3U,Конструктор,Комиссарова Варвара Руслановна,
loginDEcda2018,Ji63Jt,Директор,Романова Оксана Мартыновна,
loginDEhjr2018,4aeumW,Конструктор,Бобров Артём Валерьянович,
loginDEtps2018,G&lq7J,Заказчик,Соколов Василий Михаилович,
loginDEwdj2018,xj+&hg,Мастер,Рогов Лукьян Онисимович,
loginDEgtc2018,ysRjen,Мастер,Фомичёва Светлана Тихоновна,
loginDEeib2018,DN0Zs&,Мастер,Макаров Егор Святославович,
loginDEzjn2018,E8c864,Директор,Афанасьева Марфа Куприяновна,
loginDEdsm2018,dQPs1p,Конструктор,Рыбаков Андрей Семёнович,C:\Users\user\Desktop\data\УП04\Импорт\Ресурсы\users\Фото пользователей\loginDEdsm2018.jpg
loginDEuxs2018,5FVwny,Заказчик,Белоусова Лариса Валерьяновна,
loginDExss2018,AiQQ|q,Заказчик,Ершов Сергей Геласьевич,
loginDEtog2018,TE757+,Директор,Иванова Жанна Матвеевна,
loginDEjfr2018,nxLt10,Заказчик,Носков Александр Богданович,
loginDEcnj2018,QCQd0Z,Конструктор,Уваров Анатолий Парфеньевич,
loginDEnsz2018,WS}BK1,Конструктор,Некрасова Ирина Ильяовна,
loginDEgva2018,SXlY&e,Мастер,Боброва Дарья Федосеевна,
loginDErgi2018,ROPHET,Конструктор,Степанова Любовь Лукьевна,
loginDEgho2018,kDKj}M,Менеджер,Меркушев Дамир Улебович,C:\Users\user\Desktop\data\УП04\Импорт\Ресурсы\users\Фото пользователей\loginDEgho2018.jpg
loginDEgmb2018,czGJP5,Заказчик,Хохлова Виктория Глебовна,
loginDEunc2018,M*DY73,Конструктор,Мельникова Таисия Лукьяновна,
loginDEatn2018,h{QXsQ,Заказчик,Кошелев Владислав Лукьянович,
loginDEwlw2018,9gIoYv,Заказчик,Тетерин Всеволод Ростиславович,
loginDEunh2018,nhp6F0,Менеджер,Капустина Любовь Викторовна,
loginDEzvg2018,NEACzR,Мастер,Комиссарова Дарья Парфеньевна,
loginDEhhe2018,LKkrzY,Менеджер,Назаров Евгений Юлианович,
loginDEfjj2018,dyv&fw,Менеджер,Зайцев Юрий Анатольевич,
loginDEtun2018,}TKwPx,Менеджер,Селиверстова Дарья Георгьевна,
loginDEmym2018,WhDPfl,Мастер,Наумова Вера Ивановна,
loginDEmxi2018,uEQkUn,Заказчик,Быков Даниил Антонинович,
loginDEeiw2018,bLgTtm,Конструктор,Корнилова Алина Игоревна,
loginDEotu2018,o5BP5N,Директор,Родионов Григорий Антонович,
loginDEiui2018,ce4&gT,Мастер,Волков Владлен Николаевич,
loginDEcsm2018,*X3Tl8,Директор,Дьячкова Ираида Якововна,
loginDEgwr2018,xhCEUR,Менеджер,Орлов Юрий Андреевич,
loginDEjcu2018,2+JLPl,Мастер,Гордеев Аристарх Русланович,
loginDExyn2018,IFFTHr,Заказчик,Зыков Варлам Протасьевич,
loginDEzpz2018,PRI8h7,Мастер,Фомичёв Богдан Федотович,
loginDEhic2018,OPCVb1,Мастер,Дорофеева Валерия Павловна,
loginDEiwx2018,9{rX8I,Конструктор,Матвеев Борис Мэлорович,
loginDEmos2018,gC*38U,Менеджер,Исакова Прасковья Олеговна,
loginDEqov2018,AIINBG,Заказчик,Стрелков Максим Гордеевич,
loginDEket2018,TN4H+S,Менеджер,Волков Николай Ярославович,C:\Users\user\Desktop\data\УП04\Импорт\Ресурсы\users\Фото пользователей\loginDEket2018.png
loginDEayo2018,wHQKY5,Директор,Мишин Донат Брониславович,
loginDEryt2018,XcFoH*,Заказчик,Гурьев Матвей Артёмович,
loginDEsvp2018,4kES&p,Директор,Одинцов Даниил Мстиславович,
loginDEiks2018,FXV&W*,Заказчик,Юдин Антон Васильевич,
loginDEhyt2018,3E{ZDm,Менеджер,Котова Элеонора Протасьевна,
loginDExkt2018,2EyCBy,Директор,Александров Евсей Тихонович,
loginDEjyt2018,E&Ac|h,Заказчик,Денисов Яков Даниилович,
loginDErvn2018,6G+AZH,Мастер,Васильева Татьяна Пётровна,
loginDEitl2018,BECfk*,Мастер,Гуляева Октябрина Кондратовна,
loginDEpfw2018,3kY3&K,Мастер,Борисова Синклитикия Григорьевна,
loginDEide2018,dFR{Aq,Заказчик,Романова Евдокия Альбертовна,
loginDEtur2018,+yv5+x,Мастер,Ефимов Руслан Улебович,
loginDEtwc2018,oqx3Pv,Конструктор,Назаров Ким Кимович,
loginDEslj2018,YP*v6E,Заказчик,Никитина Татьяна Агафоновна,C:\Users\user\Desktop\data\УП04\Импорт\Ресурсы\users\Фото пользователей\loginDEslj2018.jpg
loginDEkxx2018,GhlUU&,Заказчик,Панов Никита Евсеевич,
loginDEvdz2018,OhnHez,Конструктор,Журавлёва Елизавета Артёмовна,
loginDEnvw2018,blqZ85,Менеджер,Киселёв Бронислав Арсеньевич,
loginDEdno2018,PJ05BT,Конструктор,Галкин Владислав Кимович,
loginDEmmc2018,8a0pbC,Заказчик,Анисимова Таисия Улебовна,
loginDEckd2018,apfX0U,Менеджер,Якушев Валерьян Викторович,
loginDEbbm2018,l4tp}r,Конструктор,Максимов Ириней Дамирович,
loginDEppq2018,Wgi6Ff,Директор,Миронова Валерия Владиславовна,
loginDEmnq2018,laFpJG,Менеджер,Поляков Георгий Авдеевич,
loginDEmqg2018,4*M&VK,Директор,Фадеев Николай Денисович,
loginDEazm2018,2seWAw,Директор,Авдеева Наталья Викторовна,
loginDEapw2018,NX6N*N,Заказчик,Калинин Бронислав Денисович,
loginDEtic2018,gIXztH,Заказчик,Суворов Дамир Яковович,C:\Users\user\Desktop\data\УП04\Импорт\Ресурсы\users\Фото пользователей\loginDEtic2018.jpg
loginDEfgs2018,+H9B17,Мастер,Горбачёва Зоя Куприяновна,
loginDEdrt2018,wg*xRp,Мастер,Романов Анатолий Юлианович,
loginDErtg2018,bg7NzS,Заказчик,Соловьёва Полина Игоревна,
loginDEijp2018,*V969Y,Директор,Никифоров Владлен Васильевич,
loginDEpnl2018,jinnCV,Заказчик,Кулаков Федот Георгьевич,
loginDExjm2018,0PYqey,Конструктор,Смирнова Елена Якововна,
loginDEecw2018,V8}GOZ,Мастер,Волков Федосей Святославович,
loginDEdzx2018,+iBUvT,Менеджер,Мухин Леонид Антонович,
loginDEaaf2018,SIBZnG,Мастер,Гурьева Ангелина Матвеевна,
loginDEqtm2018,fsKT+2,Заказчик,Захаров Артём Вячеславович,
loginDEfzb2018,0Q6cQY,Заказчик,Баранова Евдокия Игнатьевна,
loginDErqv2018,2LK9Pw,Мастер,Кулакова Оксана Ярославовна,
loginDEzwx2018,3tICV1,Конструктор,Муравьёва Синклитикия Геннадьевна,
loginDEjzi2018,5cDW2|,Директор,Медведев Евгений Эдуардович,
loginDEsjj2018,wuVex4,Заказчик,Савельева Феврония Фёдоровна,C:\Users\user\Desktop\data\УП04\Импорт\Ресурсы\users\Фото пользователей\loginDEsjj2018.png
loginDEidz2018,G5DP2D,Мастер,Лаврентьева Элеонора Агафоновна,
loginDEtqb2018,Y+Dq4P,Директор,Носов Альберт Ярославович,
loginDEcdz2018,e1oDkm,Мастер,Капустин Фрол Пётрович,
loginDEoio2018,wHOAvL,Заказчик,Крюков Евсей Семёнович,
loginDEljv2018,utbJSk,Директор,Громов Протасий Георгьевич,
loginDEcfc2018,GxVX}g,Директор,Ларионова Агата Ефимовна,
loginDEofx2018,dMTmGz,Конструктор,Пономарёв Ким Семёнович,
loginDEhns2018,oX7tXV,Директор,Герасимова Элеонора Вадимовна,
loginDExrk2018,8&vYwK,Директор,Галкин Георгий Фёдорович,
loginDEscf2018,O|o5A+,Конструктор,Воронова Антонина Всеволодовна,
loginDEyua2018,rW71Ck,Конструктор,Денисов Святослав Онисимович,
loginDEgkj2018,yXC+SX,Заказчик,Гаврилов Демьян Валентинович,
loginDEtad2018,cp1gN+,Менеджер,Аксёнова Маргарита Артёмовна,
loginDEsan2018,q7Qx66,Конструктор,Королёв Якун Степанович,
loginDEgbx2018,qrB{e1,Заказчик,Кузьмина Прасковья Онисимовна,
loginDEusz2018,0||9by,Директор,Ефимова Александра Парфеньевна,
loginDEanl2018,EcBP7N,Мастер,Красильникова Лариса Ефимовна,
loginDEgzu2018,AkAXti,Конструктор,Ларионова Фёкла Филатовна,
loginDEriw2018,W39VRH,Менеджер,Шашков Филат Кимович,
loginDEuup2018,yJ}w5s,Директор,Мамонтова Элеонора Максимовна,
loginDExeu2018,dObOMp,Мастер,Воробьёв Мартын Игоревич,C:\Users\user\Desktop\data\УП04\Импорт\Ресурсы\users\Фото пользователей\loginDExeu2018.png
loginDElkp2018,TA6grZ,Мастер,Корнилова Кира Брониславовна,
loginDEzfz2018,GzUp*R,Директор,Лебедев Герман Евгеньевич,
loginDEkhc2018,+4+F+o,Менеджер,Лазарев Мэлор Дмитрьевич,
loginDEwsi2018,8|JAAt,Мастер,Зайцев Мэлс Русланович,
loginDExhs2018,g+wDAX,Заказчик,Устинова Зоя Созоновна,
loginDEmad2018,cRKuGW,Конструктор,Некрасова Алла Альбертовна,
loginDEpav2018,7eur3a,Конструктор,Волков Ириней Ефимович,
loginDEave2018,|+aXyG,Конструктор,Кондратьев Геннадий Дмитрьевич,
loginDEkro2018,N5|}vM,Конструктор,Копылова Ульяна Тихоновна,
loginDEdsu2018,aZZhZQ,Заказчик,Баранов Анатолий Митрофанович,
loginDEfuv2018,xSvieW,Конструктор,Прохорова Нина Улебовна,
loginDEsnk2018,lkR1ZZ,Директор,Якушева Ольга Игнатьевна,
loginDEppv2018,yg1DH+,Заказчик,Филиппов Борис Геннадьевич,
loginDEkzy2018,DpvYbd,Мастер,Мишин Владлен Арсеньевич,
loginDEpmj2018,0{6txi,Мастер,Шилова Татьяна Георгьевна,
loginDEagt2018,HDZ&8{,Директор,Исаков Филат Григорьевич,
loginDEmch2018,IC2+2a,Директор,Трофимов Иван Антонинович,
loginDEzeq2018,WlZOJ3,Конструктор,Туров Юлиан Парфеньевич,
loginDEdts2018,lyy5BX,Директор,Котов Анатолий Арсеньевич,
loginDEgdn2018,rkaUu0,Менеджер,Антонов Германн Мартынович,
loginDEmvy2018,3Y}DMk,Конструктор,Кондратьева Наталья Юлиановна,
loginDEjtt2018,eKlTzd,Заказчик,Дьячкова Екатерина Владленовна,
loginDEmty2018,J20FCe,Конструктор,Ефимов Альвиан Серапионович,
loginDEjmx2018,i{OH{c,Конструктор,Зимина Лукия Дмитрьевна,
loginDEygt2018,zDTc9&,Мастер,Сазонов Мэлор Созонович,
loginDEypc2018,vtxvjy,Заказчик,Медведева Лариса Ростиславовна,
loginDErip2018,re53rs,Заказчик,Кириллов Игнатий Ростиславович,
loginDEahk2018,|tP8kR,Заказчик,Владимиров Егор Пётрович,
loginDEbid2018,DeyUEY,Мастер,Мартынова Дарья Васильевна,C:\Users\user\Desktop\data\УП04\Импорт\Ресурсы\users\Фото пользователей\loginDEbid2018.jpg
loginDEupo2018,Az*YxR,Менеджер,Иван Фёдоровна,
loginDEvel2018,dA5Kk+,Директор,Калинина Феврония Брониславовна,
loginDEnpc2018,AozkWP,Директор,Крылова Людмила Германовна,
loginDEigv2018,ZOYxOn,Конструктор,Потапов Геннадий Созонович,
loginDEwrl2018,CeSxSp,Директор,Мельникова Нонна Альвиановна,
loginDEbbl2018,BXfnEL,Заказчик,Авдеева Елизавета Федотовна,
loginDEteq2018,YI+ss5,Конструктор,Лапина Синклитикия Аристарховна,C:\Users\user\Desktop\data\УП04\Импорт\Ресурсы\users\Фото пользователей\loginDEteq2018.png
loginDEdis2018,|1+hrs,Мастер,Третьяков Юрий Станиславович,
loginDElsk2018,h0OP2P,Мастер,Николаев Ефим Константинович,
loginDEegj2018,52*BRY,Конструктор,Иванова Ирина Мэлсовна,
